AGE_GROUP,STAR_NUM_CUSTOMER,STAR_AVG_INCOME,STAR_TOTAL_AMOUNT_SPENT,STAR_TOTAL_TRANSACTIONS,STAR_TOTAL_OFFERS_RECEIVED,STAR_TOTAL_OFFERS_COMPLETED,STAR_TOTAL_REWARD_EARNED,STAR_AVG_SPENT_PER_CUSTOMER,STAR_AVG_SPENT_PER_TRANSACTION,STAR_AVG_OFFERS_PER_CUSTOMER,STAR_AVG_COMPLETED_OFFERS_PER_CUSTOMER,STAR_AVG_REWARD_PER_CUSTOMER,STAR_AVG_DIFFICULTY_COMPLETED_PER_CUSTOMER,STAR_ACTIVE_CUSTOMERS
20S,1369,51099.342586,117012,14158,6174,2386,11004,85.472608,8.264727,4.509861,1.742878,8.037984,6.198989523740,1316
30S,1526,53635.648755,154469,15352,6893,3009,14297,101.224771,10.061816,4.517038,1.971822,9.368938,6.745478359109,1444
40S,2309,61639.670853,247470,19222,10288,4859,24395,107.176267,12.874311,4.455608,2.104374,10.565180,7.139259404504,2076
50S,3541,70864.445072,452286,27593,15894,8272,41561,127.728325,16.391331,4.488563,2.336063,11.737080,7.828061740186,3180
60S,5875,70505.361702,748666,45563,26331,13598,67774,127.432511,16.431447,4.481872,2.314553,11.536000,7.753375872681,5287
TEENAGERS,205,50487.804878,15347,2069,921,320,1510,74.863415,7.417593,4.492683,1.560976,7.365854,5.823658526829,196
UNKNOWN,2175,0.000000,40394,14996,9776,1135,4135,18.571954,2.693652,4.494713,0.521839,1.901149,2.862245210115,1838
