PERSON_ID,STAR_NUM_TRANSACTIONS,STAR_TOTAL_SPEND,STAR_AVG_AMOUNT_PER_TRANSACTIONS
3c8d541112a74af99e88abbd0692f00e,8,1608.69,201.08625
f1d65ae63f174b8f80fa063adcaa63b7,13,1365.66,105.050769231
ae6f43089b674728a50b8727252d3305,16,1327.74,82.98375
626df8678e2a4953b9098246418c9cfa,13,1321.42,101.647692308
73afdeca19e349b98f09e928644610f8,10,1319.97,131.997
